{"x":486.1871643066406,"y":78.6573257446289,"z":1067.9453125,"health":87.5,"mana":100.0,"food":95.0,"items":[],"resolutionIndex":0,"fullscreen":false,"sound":0.0}