{"x":1208.3599853515625,"y":64.26950073242188,"z":420.9642639160156,"health":100.0,"mana":100.0,"food":96.0}